# Hand-curated phone spec catalogue, 2026-10-04. One row per phone (generation).
# Empty cells mean unknown, never zero: a cell is left empty rather than guessed.
# model: the name as ElectronicsExtractor writes it (brand prefix and a trailing release year are ignored by the lookup, see PhoneSpecCatalog.ModelKey).
# aliases: other spellings of the model, separated by ';'. A model written without a year that several rows share (Galaxy A5 2015/2016/2017) is ambiguous: the lookup then returns only what all rows agree on.
# os: the platform family (Android, iOS, HarmonyOS, Windows Phone, Symbian, KaiOS, Series 30, Series 30+, Series 40, Proprietary for feature phones without a named platform).
# os_version_launch / os_version_max: major version at launch and the highest OFFICIAL version the device received or is confirmed to receive. For devices that still get updates it is the
#   highest version known at curation (a lower bound) and the row is marked medium.
# screen_inches: diagonal rounded to one decimal. confidence: high (certain) | medium (believed, not certain).
brand	model	aliases	release_year	os	os_version_launch	os_version_max	screen_inches	confidence
Samsung	Galaxy S6		2015	Android	5	7	5.1	high
Samsung	Galaxy S6 Edge		2015	Android	5	7	5.1	high
Samsung	Galaxy S6 Edge+		2015	Android	5	7	5.7	high
Samsung	Galaxy S7		2016	Android	6	8	5.1	high
Samsung	Galaxy S7 Edge		2016	Android	6	8	5.5	high
Samsung	Galaxy S8		2017	Android	7	9	5.8	high
Samsung	Galaxy S8+	Galaxy S8 Plus	2017	Android	7	9	6.2	high
Samsung	Galaxy S9		2018	Android	8	10	5.8	high
Samsung	Galaxy S9+	Galaxy S9 Plus	2018	Android	8	10	6.2	high
Samsung	Galaxy S10e		2019	Android	9	12	5.8	high
Samsung	Galaxy S10		2019	Android	9	12	6.1	high
Samsung	Galaxy S10+	Galaxy S10 Plus	2019	Android	9	12	6.4	high
Samsung	Galaxy S10 5G		2019	Android	9	12	6.7	high
Samsung	Galaxy S10 Lite		2020	Android	10	12	6.7	medium
Samsung	Galaxy Note 8		2017	Android	7	9	6.3	high
Samsung	Galaxy Note 9		2018	Android	8	10	6.4	high
Samsung	Galaxy Note 10		2019	Android	9	12	6.3	high
Samsung	Galaxy Note 10+	Galaxy Note 10 Plus	2019	Android	9	12	6.8	high
Samsung	Galaxy Note 10 Lite		2020	Android	9	12	6.7	medium
Samsung	Galaxy Note 20		2020	Android	10	13	6.7	high
Samsung	Galaxy Note 20 Ultra		2020	Android	10	13	6.9	high
Samsung	Galaxy S20		2020	Android	10	13	6.2	high
Samsung	Galaxy S20+	Galaxy S20 Plus	2020	Android	10	13	6.7	high
Samsung	Galaxy S20 Ultra		2020	Android	10	13	6.9	high
Samsung	Galaxy S20 FE	Galaxy S20 FE 5G	2020	Android	10	13	6.5	high
Samsung	Galaxy S21		2021	Android	11	15	6.2	medium
Samsung	Galaxy S21+	Galaxy S21 Plus	2021	Android	11	15	6.7	medium
Samsung	Galaxy S21 Ultra		2021	Android	11	15	6.8	medium
Samsung	Galaxy S21 FE		2022	Android	11	15	6.4	medium
Samsung	Galaxy S22		2022	Android	12	16	6.1	medium
Samsung	Galaxy S22+	Galaxy S22 Plus	2022	Android	12	16	6.6	medium
Samsung	Galaxy S22 Ultra		2022	Android	12	16	6.8	medium
Samsung	Galaxy S23		2023	Android	13	16	6.1	medium
Samsung	Galaxy S23+	Galaxy S23 Plus	2023	Android	13	16	6.6	medium
Samsung	Galaxy S23 Ultra		2023	Android	13	16	6.8	medium
Samsung	Galaxy S23 FE		2023	Android	13	16	6.4	medium
Samsung	Galaxy S24		2024	Android	14	16	6.2	medium
Samsung	Galaxy S24+	Galaxy S24 Plus	2024	Android	14	16	6.7	medium
Samsung	Galaxy S24 Ultra		2024	Android	14	16	6.8	medium
Samsung	Galaxy S24 FE		2024	Android	14	16	6.7	medium
Samsung	Galaxy S25		2025	Android	15	16	6.2	medium
Samsung	Galaxy S25+	Galaxy S25 Plus	2025	Android	15	16	6.7	medium
Samsung	Galaxy S25 Ultra		2025	Android	15	16	6.9	medium
Samsung	Galaxy S25 Edge		2025	Android	15	16	6.7	medium
Samsung	Galaxy S25 FE		2025	Android	15	16	6.7	medium
Samsung	Galaxy A3		2015	Android	4	6	4.5	high
Samsung	Galaxy A3		2016	Android	5	7	4.7	medium
Samsung	Galaxy A3		2017	Android	6	8	4.7	high
Samsung	Galaxy A5		2015	Android	4	6	5.0	high
Samsung	Galaxy A5		2016	Android	5	7	5.2	high
Samsung	Galaxy A5		2017	Android	6	8	5.2	high
Samsung	Galaxy A7		2015	Android	4	6	5.5	high
Samsung	Galaxy A7		2016	Android	5	7	5.5	medium
Samsung	Galaxy A7		2017	Android	6	8	5.7	high
Samsung	Galaxy J3		2016	Android	5	6	5.0	medium
Samsung	Galaxy J5		2015	Android	5	6	5.0	medium
Samsung	Galaxy J5		2016	Android	5	7	5.2	medium
Samsung	Galaxy J7		2015	Android	5	6	5.5	medium
Samsung	Galaxy J7		2016	Android	5	7	5.5	medium
Samsung	Galaxy A10		2019	Android	9	11	6.2	high
Samsung	Galaxy A20e		2019	Android	9	11	5.8	medium
Samsung	Galaxy A20		2019	Android	9	11	6.4	high
Samsung	Galaxy A30		2019	Android	9	11	6.4	high
Samsung	Galaxy A30s		2019	Android	9	11	6.4	medium
Samsung	Galaxy A40		2019	Android	9	11	5.9	high
Samsung	Galaxy A50		2019	Android	9	11	6.4	high
Samsung	Galaxy A70		2019	Android	9	11	6.7	high
Samsung	Galaxy A51		2019	Android	10	13	6.5	high
Samsung	Galaxy A51 5G		2020	Android	10	13	6.5	medium
Samsung	Galaxy A71		2020	Android	10	13	6.7	high
Samsung	Galaxy A71 5G		2020	Android	10	13	6.7	medium
Samsung	Galaxy A21s		2020	Android	10	12	6.5	medium
Samsung	Galaxy A31		2020	Android	10	12	6.4	medium
Samsung	Galaxy A12		2020	Android	10	13	6.5	medium
Samsung	Galaxy A32		2021	Android	11	14	6.4	medium
Samsung	Galaxy A32 5G		2021	Android	11	14	6.5	medium
Samsung	Galaxy A52		2021	Android	11	14	6.5	high
Samsung	Galaxy A52 5G		2021	Android	11	14	6.5	high
Samsung	Galaxy A52s	Galaxy A52s 5G	2021	Android	11	14	6.5	high
Samsung	Galaxy A72		2021	Android	11	14	6.7	high
Samsung	Galaxy A22		2021	Android	11	14	6.4	medium
Samsung	Galaxy A22 5G		2021	Android	11	14	6.6	medium
Samsung	Galaxy A13		2022	Android	12	14	6.6	medium
Samsung	Galaxy A23		2022	Android	12	14	6.6	medium
Samsung	Galaxy A33 5G	Galaxy A33	2022	Android	12	15	6.4	medium
Samsung	Galaxy A53 5G	Galaxy A53	2022	Android	12	15	6.5	medium
Samsung	Galaxy A73 5G	Galaxy A73	2022	Android	12	15	6.7	medium
Samsung	Galaxy A04		2022	Android	12	14	6.5	medium
Samsung	Galaxy A14		2023	Android	13	14	6.6	medium
Samsung	Galaxy A14 5G		2023	Android	13	14	6.6	medium
Samsung	Galaxy A24		2023	Android	13	15	6.5	medium
Samsung	Galaxy A34 5G	Galaxy A34	2023	Android	13	15	6.6	medium
Samsung	Galaxy A54 5G	Galaxy A54	2023	Android	13	15	6.4	medium
Samsung	Galaxy A05		2023	Android	13	14	6.7	medium
Samsung	Galaxy A05s		2023	Android	13	14	6.7	medium
Samsung	Galaxy A15		2023	Android	14	15	6.5	medium
Samsung	Galaxy A15 5G		2023	Android	14	15	6.5	medium
Samsung	Galaxy A25 5G	Galaxy A25	2024	Android	14	15	6.5	medium
Samsung	Galaxy A35 5G	Galaxy A35	2024	Android	14	15	6.6	medium
Samsung	Galaxy A55 5G	Galaxy A55	2024	Android	14	15	6.6	medium
Samsung	Galaxy A06		2024	Android	14		6.7	medium
Samsung	Galaxy A16		2024	Android	14	15	6.7	medium
Samsung	Galaxy A16 5G		2024	Android	14	15	6.7	medium
Samsung	Galaxy A26 5G	Galaxy A26	2025	Android	15	15	6.7	medium
Samsung	Galaxy A36 5G	Galaxy A36	2025	Android	15	15	6.7	medium
Samsung	Galaxy A56 5G	Galaxy A56	2025	Android	15	15	6.7	medium
Samsung	Galaxy M31		2020	Android	10	12	6.4	medium
Samsung	Galaxy M51		2020	Android	10	12	6.7	medium
Samsung	Galaxy Z Flip 3	Galaxy Z Flip3	2021	Android	11	15	6.7	medium
Samsung	Galaxy Z Flip 4	Galaxy Z Flip4	2022	Android	12	15	6.7	medium
Samsung	Galaxy Z Flip 5	Galaxy Z Flip5	2023	Android	13	16	6.7	medium
Samsung	Galaxy Z Flip 6	Galaxy Z Flip6	2024	Android	14	16	6.7	medium
Samsung	Galaxy Z Flip 7	Galaxy Z Flip7	2025	Android	16	16	6.9	medium
Samsung	Galaxy Z Flip 7 FE	Galaxy Z Flip7 FE	2025	Android	16	16	6.7	medium
Samsung	Galaxy Z Fold 2	Galaxy Z Fold2	2020	Android	10	13	7.6	medium
Samsung	Galaxy Z Fold 3	Galaxy Z Fold3	2021	Android	11	15	7.6	medium
Samsung	Galaxy Z Fold 4	Galaxy Z Fold4	2022	Android	12	15	7.6	medium
Samsung	Galaxy Z Fold 5	Galaxy Z Fold5	2023	Android	13	16	7.6	medium
Samsung	Galaxy Z Fold 6	Galaxy Z Fold6	2024	Android	14	16	7.6	medium
Samsung	Galaxy Z Fold 7	Galaxy Z Fold7	2025	Android	16	16	8.0	medium
Samsung	Galaxy XCover 5		2021	Android	11	14	5.3	medium
Samsung	Galaxy XCover 6 Pro		2022	Android	12	15	6.6	medium
Google	Pixel		2016	Android	7	10	5.0	high
Google	Pixel XL		2016	Android	7	10	5.5	high
Google	Pixel 2		2017	Android	8	11	5.0	high
Google	Pixel 2 XL		2017	Android	8	11	6.0	high
Google	Pixel 3		2018	Android	9	12	5.5	high
Google	Pixel 3 XL		2018	Android	9	12	6.3	high
Google	Pixel 3a		2019	Android	9	12	5.6	high
Google	Pixel 3a XL		2019	Android	9	12	6.0	high
Google	Pixel 4		2019	Android	10	13	5.7	high
Google	Pixel 4 XL		2019	Android	10	13	6.3	high
Google	Pixel 4a		2020	Android	10	13	5.8	high
Google	Pixel 4a 5G		2020	Android	11	13	6.2	high
Google	Pixel 5		2020	Android	11	14	6.0	high
Google	Pixel 5a	Pixel 5a 5G	2021	Android	11	14	6.3	high
Google	Pixel 6		2021	Android	12	16	6.4	medium
Google	Pixel 6 Pro		2021	Android	12	16	6.7	medium
Google	Pixel 6a		2022	Android	12	16	6.1	medium
Google	Pixel 7		2022	Android	13	16	6.3	medium
Google	Pixel 7 Pro		2022	Android	13	16	6.7	medium
Google	Pixel 7a		2023	Android	13	16	6.1	medium
Google	Pixel Fold		2023	Android	13	16	7.6	medium
Google	Pixel 8		2023	Android	14	16	6.2	medium
Google	Pixel 8 Pro		2023	Android	14	16	6.7	medium
Google	Pixel 8a		2024	Android	14	16	6.1	medium
Google	Pixel 9		2024	Android	14	16	6.3	medium
Google	Pixel 9 Pro		2024	Android	14	16	6.3	medium
Google	Pixel 9 Pro XL		2024	Android	14	16	6.8	medium
Google	Pixel 9 Pro Fold		2024	Android	14	16	8.0	medium
Google	Pixel 9a		2025	Android	15	16	6.3	medium
Google	Pixel 10		2025	Android	16	16	6.3	medium
Google	Pixel 10 Pro		2025	Android	16	16	6.3	medium
Google	Pixel 10 Pro XL		2025	Android	16	16	6.8	medium
Google	Pixel 10 Pro Fold		2025	Android	16	16	8.0	medium
Apple	iPhone 5		2012	iOS	6	10	4.0	high
Apple	iPhone 5C		2013	iOS	7	10	4.0	high
Apple	iPhone 5S		2013	iOS	7	12	4.0	high
Apple	iPhone 6		2014	iOS	8	12	4.7	high
Apple	iPhone 6 Plus		2014	iOS	8	12	5.5	high
Apple	iPhone 6S		2015	iOS	9	15	4.7	high
Apple	iPhone 6S Plus		2015	iOS	9	15	5.5	high
Apple	iPhone SE		2016	iOS	9	15	4.0	high
Apple	iPhone 7		2016	iOS	10	15	4.7	high
Apple	iPhone 7 Plus		2016	iOS	10	15	5.5	high
Apple	iPhone 8		2017	iOS	11	16	4.7	high
Apple	iPhone 8 Plus		2017	iOS	11	16	5.5	high
Apple	iPhone X		2017	iOS	11	16	5.8	high
Apple	iPhone XR		2018	iOS	12	18	6.1	high
Apple	iPhone XS		2018	iOS	12	18	5.8	high
Apple	iPhone XS Max		2018	iOS	12	18	6.5	high
Apple	iPhone 11		2019	iOS	13	26	6.1	medium
Apple	iPhone 11 Pro		2019	iOS	13	26	5.8	medium
Apple	iPhone 11 Pro Max		2019	iOS	13	26	6.5	medium
Apple	iPhone SE		2020	iOS	13	26	4.7	medium
Apple	iPhone 12 Mini		2020	iOS	14	26	5.4	medium
Apple	iPhone 12		2020	iOS	14	26	6.1	medium
Apple	iPhone 12 Pro		2020	iOS	14	26	6.1	medium
Apple	iPhone 12 Pro Max		2020	iOS	14	26	6.7	medium
Apple	iPhone 13 Mini		2021	iOS	15	26	5.4	medium
Apple	iPhone 13		2021	iOS	15	26	6.1	medium
Apple	iPhone 13 Pro		2021	iOS	15	26	6.1	medium
Apple	iPhone 13 Pro Max		2021	iOS	15	26	6.7	medium
Apple	iPhone SE		2022	iOS	15	26	4.7	medium
Apple	iPhone 14		2022	iOS	16	26	6.1	medium
Apple	iPhone 14 Plus		2022	iOS	16	26	6.7	medium
Apple	iPhone 14 Pro		2022	iOS	16	26	6.1	medium
Apple	iPhone 14 Pro Max		2022	iOS	16	26	6.7	medium
Apple	iPhone 15		2023	iOS	17	26	6.1	medium
Apple	iPhone 15 Plus		2023	iOS	17	26	6.7	medium
Apple	iPhone 15 Pro		2023	iOS	17	26	6.1	medium
Apple	iPhone 15 Pro Max		2023	iOS	17	26	6.7	medium
Apple	iPhone 16		2024	iOS	18	26	6.1	medium
Apple	iPhone 16 Plus		2024	iOS	18	26	6.7	medium
Apple	iPhone 16 Pro		2024	iOS	18	26	6.3	medium
Apple	iPhone 16 Pro Max		2024	iOS	18	26	6.9	medium
Apple	iPhone 16e		2025	iOS	18	26	6.1	medium
Apple	iPhone 17		2025	iOS	26	26	6.3	medium
Apple	iPhone 17 Pro		2025	iOS	26	26	6.3	medium
Apple	iPhone 17 Pro Max		2025	iOS	26	26	6.9	medium
Apple	iPhone Air		2025	iOS	26	26	6.5	medium
Xiaomi	Mi A2		2018	Android	8	10	6.0	medium
Xiaomi	Mi A3		2019	Android	9	11	6.1	medium
Xiaomi	Mi 9		2019	Android	9	11	6.4	medium
Xiaomi	Mi 9T		2019	Android	9	11	6.4	medium
Xiaomi	Mi 9T Pro		2019	Android	9	11	6.4	medium
Xiaomi	Mi 10T		2020	Android	10	12	6.7	medium
Xiaomi	Mi 10T Pro		2020	Android	10	12	6.7	medium
Xiaomi	Mi 10T Lite		2020	Android	10	12	6.7	medium
Xiaomi	Mi 11		2021	Android	11	13	6.8	medium
Xiaomi	Mi 11 Lite		2021	Android	11	13	6.6	medium
Xiaomi	Mi 11 Ultra		2021	Android	11	13	6.8	medium
Xiaomi	Xiaomi 11T		2021	Android	11	13	6.7	medium
Xiaomi	Xiaomi 11T Pro		2021	Android	11	13	6.7	medium
Xiaomi	Xiaomi 12		2021	Android	11	14	6.3	medium
Xiaomi	Xiaomi 12 Pro		2021	Android	11	14	6.7	medium
Xiaomi	Xiaomi 12 Lite		2022	Android	11	13	6.6	medium
Xiaomi	Xiaomi 12T		2022	Android	12	14	6.7	medium
Xiaomi	Xiaomi 12T Pro		2022	Android	12	14	6.7	medium
Xiaomi	Xiaomi 13		2022	Android	13	15	6.4	medium
Xiaomi	Xiaomi 13 Pro		2022	Android	13	15	6.7	medium
Xiaomi	Xiaomi 13 Lite		2022	Android	12	14	6.6	medium
Xiaomi	Xiaomi 13T		2023	Android	13	15	6.7	medium
Xiaomi	Xiaomi 13T Pro		2023	Android	13	15	6.7	medium
Xiaomi	Xiaomi 14		2023	Android	14	15	6.4	medium
Xiaomi	Xiaomi 14 Ultra		2024	Android	14	15	6.7	medium
Xiaomi	Xiaomi 14T		2024	Android	14	15	6.7	medium
Xiaomi	Xiaomi 14T Pro		2024	Android	14	15	6.7	medium
Xiaomi	Xiaomi 15		2024	Android	15	15	6.4	medium
Xiaomi	Xiaomi 15 Ultra		2025	Android	15	15	6.7	medium
Xiaomi	Redmi Note 4		2017	Android	6	7	5.5	medium
Xiaomi	Redmi Note 5		2018	Android	7	9	6.0	medium
Xiaomi	Redmi Note 7		2019	Android	9	10	6.3	high
Xiaomi	Redmi Note 8		2019	Android	9	11	6.3	medium
Xiaomi	Redmi Note 8T		2019	Android	9	11	6.3	medium
Xiaomi	Redmi Note 8 Pro		2019	Android	9	11	6.5	medium
Xiaomi	Redmi Note 9		2020	Android	10	11	6.5	medium
Xiaomi	Redmi Note 9 Pro		2020	Android	10	11	6.7	medium
Xiaomi	Redmi Note 9S		2020	Android	10	11	6.7	medium
Xiaomi	Redmi Note 10		2021	Android	11	12	6.4	medium
Xiaomi	Redmi Note 10 Pro		2021	Android	11	13	6.7	medium
Xiaomi	Redmi Note 10S		2021	Android	11	13	6.4	medium
Xiaomi	Redmi Note 11		2022	Android	11	13	6.4	medium
Xiaomi	Redmi Note 11 Pro		2022	Android	11	13	6.7	medium
Xiaomi	Redmi Note 11 Pro 5G		2022	Android	11	13	6.7	medium
Xiaomi	Redmi Note 11S		2022	Android	11	13	6.4	medium
Xiaomi	Redmi Note 12		2023	Android	13	14	6.7	medium
Xiaomi	Redmi Note 12 Pro 5G	Redmi Note 12 Pro	2023	Android	12	14	6.7	medium
Xiaomi	Redmi Note 12 Pro+ 5G	Redmi Note 12 Pro Plus;Redmi Note 12 Pro+	2023	Android	12	14	6.7	medium
Xiaomi	Redmi Note 13		2023	Android	13	14	6.7	medium
Xiaomi	Redmi Note 13 Pro		2023	Android	13	14	6.7	medium
Xiaomi	Redmi Note 13 Pro+ 5G	Redmi Note 13 Pro Plus;Redmi Note 13 Pro+	2023	Android	13	14	6.7	medium
Xiaomi	Redmi Note 14		2024	Android	14	15	6.7	medium
Xiaomi	Redmi Note 14 Pro		2024	Android	14	15	6.7	medium
Xiaomi	Redmi Note 14 Pro+	Redmi Note 14 Pro Plus	2024	Android	14	15	6.7	medium
Xiaomi	Redmi 9A		2020	Android	10	11	6.5	medium
Xiaomi	Redmi 9C		2020	Android	10	11	6.5	medium
Xiaomi	Redmi 9T		2021	Android	10	11	6.5	medium
Xiaomi	Redmi 10		2021	Android	11	12	6.5	medium
Xiaomi	Redmi 10C		2022	Android	11	12	6.7	medium
Xiaomi	Redmi 12		2023	Android	13		6.8	medium
Xiaomi	Redmi 12C		2023	Android	11	13	6.7	medium
Xiaomi	Redmi 13C		2023	Android	13		6.7	medium
Xiaomi	Redmi 13		2024	Android	14		6.8	medium
Xiaomi	Poco F1		2018	Android	8	10	6.2	high
Xiaomi	Poco F2 Pro		2020	Android	10	12	6.7	medium
Xiaomi	Poco F3		2021	Android	11	13	6.7	medium
Xiaomi	Poco F4		2022	Android	12	14	6.7	medium
Xiaomi	Poco F5		2023	Android	13	14	6.7	medium
Xiaomi	Poco F5 Pro		2023	Android	13	14	6.7	medium
Xiaomi	Poco F6		2024	Android	14	15	6.7	medium
Xiaomi	Poco F6 Pro		2024	Android	14	15	6.7	medium
Xiaomi	Poco F7		2025	Android	15		6.8	medium
Xiaomi	Poco X3		2020	Android	10		6.7	medium
Xiaomi	Poco X3 NFC		2020	Android	10		6.7	medium
Xiaomi	Poco X3 Pro		2021	Android	11		6.7	medium
Xiaomi	Poco X4 Pro 5G		2022	Android	11	13	6.7	medium
Xiaomi	Poco X5 Pro 5G		2023	Android	12	14	6.7	medium
Xiaomi	Poco X6		2024	Android	14	15	6.7	medium
Xiaomi	Poco X6 Pro		2024	Android	14	15	6.7	medium
Xiaomi	Poco X7 Pro		2025	Android	15		6.7	medium
OnePlus	OnePlus 3		2016	Android	6	8	5.5	high
OnePlus	OnePlus 3T		2016	Android	6	8	5.5	high
OnePlus	OnePlus 5		2017	Android	7	9	5.5	high
OnePlus	OnePlus 5T		2017	Android	7	9	6.0	high
OnePlus	OnePlus 6		2018	Android	8	10	6.3	high
OnePlus	OnePlus 6T		2018	Android	9	11	6.4	high
OnePlus	OnePlus 7		2019	Android	9	11	6.4	high
OnePlus	OnePlus 7 Pro		2019	Android	9	11	6.7	high
OnePlus	OnePlus 7T		2019	Android	10	11	6.6	high
OnePlus	OnePlus 7T Pro		2019	Android	10	11	6.7	high
OnePlus	OnePlus 8		2020	Android	10	12	6.6	high
OnePlus	OnePlus 8 Pro		2020	Android	10	12	6.8	high
OnePlus	OnePlus 8T		2020	Android	11	13	6.6	high
OnePlus	OnePlus 9		2021	Android	11	14	6.6	high
OnePlus	OnePlus 9 Pro		2021	Android	11	14	6.7	high
OnePlus	OnePlus 10 Pro		2022	Android	12	15	6.7	medium
OnePlus	OnePlus 10T		2022	Android	12	15	6.7	medium
OnePlus	OnePlus 11		2023	Android	13	15	6.7	medium
OnePlus	OnePlus 12		2024	Android	14	15	6.8	medium
OnePlus	OnePlus 12R		2024	Android	14	15	6.8	medium
OnePlus	OnePlus 13		2025	Android	15	15	6.8	medium
OnePlus	OnePlus 13R		2025	Android	15	15	6.8	medium
OnePlus	OnePlus Nord 2		2021	Android	11	13	6.4	medium
OnePlus	OnePlus Nord CE 2 5G		2022	Android	11	13	6.4	medium
Huawei	Huawei P8		2015	Android	5	6	5.2	high
Huawei	Huawei P9		2016	Android	6	8	5.2	high
Huawei	Huawei P9 Lite		2016	Android	6	7	5.2	high
Huawei	Huawei P10		2017	Android	7	9	5.1	high
Huawei	Huawei P10 Lite		2017	Android	7	8	5.2	high
Huawei	Huawei P10 Plus		2017	Android	7	9	5.5	high
Huawei	Huawei P20		2018	Android	8	10	5.8	medium
Huawei	Huawei P20 Pro		2018	Android	8	10	6.1	medium
Huawei	Huawei P20 Lite		2018	Android	8	9	5.8	high
Huawei	Huawei P30		2019	Android	9	10	6.1	high
Huawei	Huawei P30 Pro		2019	Android	9	10	6.5	high
Huawei	Huawei P30 Lite		2019	Android	9	10	6.2	high
Huawei	Huawei P40		2020	Android	10	10	6.1	medium
Huawei	Huawei P40 Pro		2020	Android	10	10	6.6	medium
Huawei	Huawei P40 Lite		2020	Android	9	10	6.4	medium
Huawei	P Smart		2018	Android	8	9	5.7	high
Huawei	P Smart		2019	Android	9	10	6.2	high
Huawei	P Smart Z		2019	Android	9	10	6.6	high
Huawei	P Smart		2020	Android	9	10	6.2	medium
Huawei	Huawei Mate 9		2016	Android	7	8	5.9	high
Huawei	Huawei Mate 10 Lite		2017	Android	7	8	5.9	high
Huawei	Huawei Mate 10 Pro		2017	Android	8	10	6.0	medium
Huawei	Huawei Mate 20		2018	Android	9	10	6.5	high
Huawei	Huawei Mate 20 Pro		2018	Android	9	10	6.4	high
Huawei	Huawei Mate 20 Lite		2018	Android	8	9	6.3	high
Huawei	Huawei Mate 30		2019	Android	10	10	6.6	medium
Huawei	Huawei Mate 30 Pro		2019	Android	10	10	6.5	medium
Huawei	Huawei Mate 40 Pro		2020	Android	10	10	6.8	medium
Huawei	Huawei Mate 60 Pro		2023	HarmonyOS			6.8	medium
Huawei	Huawei Nova 3		2018	Android	8	9	6.3	medium
Huawei	Huawei Nova 5T		2019	Android	9	10	6.3	medium
Huawei	Huawei Nova 9		2021	Android	11	11	6.6	medium
Honor	Honor 8		2016	Android	6	8	5.2	high
Honor	Honor 9		2017	Android	7	9	5.2	medium
Honor	Honor 9 Lite		2017	Android	8	9	5.7	medium
Honor	Honor 10		2018	Android	8	10	5.8	medium
Honor	Honor 10 Lite		2018	Android	9	10	6.2	medium
Honor	Honor 8X		2018	Android	8	10	6.5	medium
Honor	Honor 20		2019	Android	9	10	6.3	medium
Honor	Honor 20 Pro		2019	Android	9	10	6.3	medium
Honor	Honor 9X		2019	Android	9	10	6.6	medium
Honor	Honor View 20		2018	Android	9	10	6.4	medium
Sony	Xperia Z1		2013	Android	4	5	5.0	medium
Sony	Xperia Z1 Compact		2014	Android	4	5	4.3	medium
Sony	Xperia Z2		2014	Android	4	6	5.2	high
Sony	Xperia Z3		2014	Android	4	6	5.2	high
Sony	Xperia Z3 Compact		2014	Android	4	6	4.6	high
Sony	Xperia Z3+	Xperia Z3 Plus	2015	Android	5	6	5.2	high
Sony	Xperia Z5		2015	Android	5	7	5.2	high
Sony	Xperia Z5 Compact		2015	Android	5	7	4.6	high
Sony	Xperia Z5 Premium		2015	Android	5	7	5.5	high
Sony	Xperia X		2016	Android	6	8	5.0	medium
Sony	Xperia X Compact		2016	Android	6	8	4.6	medium
Sony	Xperia X Performance		2016	Android	6	8	5.0	medium
Sony	Xperia XZ		2016	Android	6	8	5.2	high
Sony	Xperia XZs		2017	Android	7	8	5.2	high
Sony	Xperia XZ Premium		2017	Android	7	9	5.5	high
Sony	Xperia XZ1		2017	Android	8	9	5.2	high
Sony	Xperia XZ1 Compact		2017	Android	8	9	4.6	high
Sony	Xperia XZ2		2018	Android	8	10	5.7	high
Sony	Xperia XZ2 Compact		2018	Android	8	10	5.0	high
Sony	Xperia XZ2 Premium		2018	Android	8	9	5.8	high
Sony	Xperia XZ3		2018	Android	9		6.0	medium
Sony	Xperia XA1		2017	Android	7	8	5.0	high
Sony	Xperia XA1 Plus		2017	Android	7	8	5.5	high
Sony	Xperia XA1 Ultra		2017	Android	7	8	6.0	high
Sony	Xperia XA2		2018	Android	8	9	5.2	high
Sony	Xperia XA2 Plus		2018	Android	8	9	6.0	high
Sony	Xperia XA2 Ultra		2018	Android	8	9	6.0	high
Sony	Xperia 1		2019	Android	9	11	6.5	high
Sony	Xperia 5		2019	Android	9	11	6.1	high
Sony	Xperia 10		2019	Android	9		6.0	medium
Sony	Xperia 1 II		2020	Android	10	12	6.5	high
Sony	Xperia 5 II		2020	Android	10	12	6.1	high
Sony	Xperia 10 II		2020	Android	10	12	6.0	medium
Sony	Xperia 1 III		2021	Android	11	13	6.5	high
Sony	Xperia 5 III		2021	Android	11	13	6.1	high
Sony	Xperia 10 III		2021	Android	11	13	6.0	medium
Sony	Xperia 1 IV		2022	Android	12	14	6.5	medium
Sony	Xperia 5 IV		2022	Android	12	14	6.1	medium
Sony	Xperia 10 IV		2022	Android	12	14	6.0	medium
Sony	Xperia 1 V		2023	Android	13	15	6.5	medium
Sony	Xperia 5 V		2023	Android	13	15	6.1	medium
Sony	Xperia 10 V		2023	Android	13	15	6.1	medium
Sony	Xperia 1 VI		2024	Android	14	15	6.5	medium
Sony	Xperia 10 VI		2024	Android	14	15	6.1	medium
Sony	Xperia 1 VII		2025	Android	15	15	6.5	medium
Sony	Xperia 10 VII		2025	Android	15	15	6.1	medium
Sony Ericsson	Xperia X10		2010	Android	1	2	4.0	high
Sony Ericsson	T68i		2002	Proprietary				medium
Sony Ericsson	T610		2003	Proprietary				medium
Sony Ericsson	T630		2003	Proprietary				medium
Sony Ericsson	K700i		2004	Proprietary				medium
Sony Ericsson	K750i		2005	Proprietary				medium
Sony Ericsson	W800i		2005	Proprietary				medium
Sony Ericsson	W810i		2005	Proprietary				medium
Sony Ericsson	K800i		2006	Proprietary				medium
Sony Ericsson	K850i		2007	Proprietary				medium
Sony Ericsson	W880i		2007	Proprietary				medium
Sony Ericsson	C905		2008	Proprietary				medium
Sony Ericsson	W995		2009	Proprietary				medium
Motorola	Moto G5		2017	Android	7	8	5.0	medium
Motorola	Moto G5 Plus		2017	Android	7	8	5.2	medium
Motorola	Moto G5S		2017	Android	7	8	5.2	medium
Motorola	Moto G6		2018	Android	8	9	5.7	medium
Motorola	Moto G6 Plus		2018	Android	8	9	5.9	medium
Motorola	Moto G7		2019	Android	9	10	6.2	high
Motorola	Moto G7 Plus		2019	Android	9	10	6.2	high
Motorola	Moto G7 Power		2019	Android	9	10	6.2	high
Motorola	Moto G7 Play		2019	Android	9	10	5.7	high
Motorola	Moto G8		2020	Android	9	10	6.4	medium
Motorola	Moto G8 Plus		2019	Android	9	10	6.3	high
Motorola	Moto G8 Power		2020	Android	10	11	6.4	medium
Motorola	Moto G9 Play	MOTOG9	2020	Android	10	11	6.5	medium
Motorola	Moto G9 Plus	MOTOG9	2020	Android	10	11	6.8	medium
Motorola	Moto G9 Power	MOTOG9	2020	Android	10	11	6.8	medium
Motorola	Moto G10		2021	Android	11	11	6.5	medium
Motorola	Moto G62 5G		2022	Android	12	13	6.5	medium
Motorola	Moto G13		2023	Android	13	13	6.5	medium
Motorola	Moto G14		2023	Android	13	14	6.5	medium
Motorola	Moto G54 5G		2023	Android	13	14	6.5	medium
Motorola	Moto G73 5G		2023	Android	13	14	6.5	medium
Motorola	Moto G84 5G		2023	Android	13	14	6.5	medium
Motorola	Moto E7		2020	Android	10		6.5	medium
Motorola	Edge 30		2022	Android	12	13	6.5	medium
Motorola	Edge 30 Pro		2022	Android	12	13	6.7	medium
Motorola	Edge 30 Fusion		2022	Android	12	13	6.6	medium
Motorola	Edge 30 Ultra		2022	Android	12	13	6.7	medium
Motorola	Edge 40		2023	Android	13	14	6.6	medium
Motorola	Edge 40 Neo		2023	Android	13	14	6.6	medium
Motorola	Edge 40 Pro		2023	Android	13	14	6.7	medium
Motorola	Razr		2019	Android	9	10	6.2	medium
Motorola	Razr 5G		2020	Android	10	11	6.2	medium
Motorola	Razr 40		2023	Android	13	14	6.9	medium
Motorola	Razr 40 Ultra		2023	Android	13	14	6.9	medium
Motorola	Razr 50		2024	Android	14	15	6.9	medium
Motorola	Razr 50 Ultra		2024	Android	14	15	6.9	medium
Nokia	Nokia 2		2017	Android	7	8	5.0	medium
Nokia	Nokia 3		2017	Android	7	9	5.0	high
Nokia	Nokia 5		2017	Android	7	9	5.2	high
Nokia	Nokia 6		2017	Android	7	9	5.5	high
Nokia	Nokia 8		2017	Android	7	9	5.3	high
Nokia	Nokia 3.1		2018	Android	8	10	5.2	high
Nokia	Nokia 5.1		2018	Android	8	10	5.5	high
Nokia	Nokia 6.1		2018	Android	8	10	5.5	high
Nokia	Nokia 7.1		2018	Android	8	10	5.8	high
Nokia	Nokia 8.1		2018	Android	9	11	6.2	high
Nokia	Nokia 3.2		2019	Android	9	10	6.3	high
Nokia	Nokia 4.2		2019	Android	9	11	5.7	high
Nokia	Nokia 6.2		2019	Android	9	11	6.3	high
Nokia	Nokia 7.2		2019	Android	9	11	6.3	high
Nokia	Nokia 9 PureView		2019	Android	9	11	6.0	high
Nokia	Nokia 2.3		2019	Android	9	11	6.2	medium
Nokia	Nokia 2.4		2020	Android	10	11	6.5	medium
Nokia	Nokia 5.3		2020	Android	10	11	6.6	medium
Nokia	Nokia 5.4		2020	Android	10	12	6.4	medium
Nokia	Nokia 7.3		2021	Android	10	12	6.5	medium
Nokia	Nokia 8.3 5G		2020	Android	10	12	6.8	medium
Nokia	Nokia X10		2021	Android	11	12	6.7	medium
Nokia	Nokia X20		2021	Android	11	12	6.7	medium
Nokia	Nokia XR20		2021	Android	11	13	6.7	medium
Nokia	Nokia G10		2021	Android	11	12	6.5	medium
Nokia	Nokia G20		2021	Android	11	12	6.5	medium
Nokia	Nokia G11		2022	Android	11	12	6.5	medium
Nokia	Nokia G21		2022	Android	11	12	6.5	medium
Nokia	Nokia G42 5G		2023	Android	13		6.6	medium
Nokia	Nokia C1		2019	Android	9		5.5	medium
Nokia	Nokia C2		2020	Android	9		5.7	medium
Nokia	Nokia C3		2020	Android	10		6.0	medium
Nokia	Nokia C20		2021	Android	11		6.5	medium
Nokia	Nokia C21		2022	Android	11		6.5	medium
Nokia	Nokia C21 Plus		2022	Android	11		6.5	medium
Nokia	Nokia C30		2021	Android	11		6.8	medium
Nokia	Nokia Lumia 520		2013	Windows Phone	8	8	4.0	medium
Nokia	Nokia Lumia 620		2012	Windows Phone	8	8	3.8	medium
Nokia	Nokia Lumia 625		2013	Windows Phone	8	8	4.7	medium
Nokia	Nokia Lumia 630		2014	Windows Phone	8	10	4.5	medium
Nokia	Nokia Lumia 635		2014	Windows Phone	8	10	4.5	medium
Nokia	Nokia Lumia 640		2015	Windows Phone	8	10	5.0	medium
Nokia	Nokia Lumia 640 XL		2015	Windows Phone	8	10	5.7	medium
Nokia	Nokia Lumia 650		2016	Windows Phone	10	10	5.0	medium
Nokia	Nokia Lumia 720		2013	Windows Phone	8	8	4.3	medium
Nokia	Nokia Lumia 735		2014	Windows Phone	8	10	4.7	medium
Nokia	Nokia Lumia 820		2012	Windows Phone	8	8	4.3	medium
Nokia	Nokia Lumia 830		2014	Windows Phone	8	10	5.0	medium
Nokia	Nokia Lumia 920		2012	Windows Phone	8	8	4.5	high
Nokia	Nokia Lumia 925		2013	Windows Phone	8	8	4.5	medium
Nokia	Nokia Lumia 930		2014	Windows Phone	8	10	5.0	medium
Nokia	Nokia Lumia 950		2015	Windows Phone	10	10	5.2	medium
Nokia	Nokia Lumia 950 XL		2015	Windows Phone	10	10	5.7	medium
Nokia	Nokia Lumia 1020		2013	Windows Phone	8	8	4.5	medium
Nokia	Nokia Lumia 1520		2013	Windows Phone	8	10	6.0	medium
Nokia	N95		2007	Symbian			2.6	high
Nokia	N96		2008	Symbian			2.8	medium
Nokia	N97		2009	Symbian			3.5	medium
Nokia	N8	Nokia N8-00	2010	Symbian			3.5	high
Nokia	E71		2008	Symbian			2.4	high
Nokia	E72		2009	Symbian			2.4	high
Nokia	E52		2009	Symbian			2.4	medium
Nokia	E90		2007	Symbian			4.0	medium
Nokia	5800	5800 XpressMusic	2008	Symbian			3.2	high
Nokia	5230		2009	Symbian			3.2	medium
Nokia	6600		2003	Symbian			2.1	medium
Nokia	6630		2004	Symbian			2.1	medium
Nokia	6680		2005	Symbian			2.1	medium
Nokia	6120	6120 Classic	2007	Symbian			2.4	medium
Nokia	6210	6210 Navigator	2008	Symbian			2.4	high
Nokia	C7		2010	Symbian			3.5	medium
Nokia	X6		2009	Symbian			3.2	medium
Nokia	808 PureView		2012	Symbian			4.0	high
Nokia	1100		2003	Series 30				medium
Nokia	1110		2005	Series 30				medium
Nokia	1200		2007	Series 30				medium
Nokia	1600		2006	Series 30				medium
Nokia	2310		2006	Series 30				medium
Nokia	3310		2000	Series 30				high
Nokia	3330		2001	Series 30				medium
Nokia	3510i		2002	Series 40				medium
Nokia	5310	5310 XpressMusic	2007	Series 40				high
Nokia	5130	5130 XpressMusic	2009	Series 40				high
Nokia	5200		2006	Series 40				medium
Nokia	5300	5300 XpressMusic	2006	Series 40				medium
Nokia	6020		2005	Series 40				high
Nokia	6101		2005	Series 40				medium
Nokia	6111		2006	Series 40				medium
Nokia	6131		2006	Series 40				medium
Nokia	6210		2000	Series 40				medium
Nokia	6212	6212 Classic	2008	Series 40				medium
Nokia	6230		2003	Series 40				high
Nokia	6230i		2005	Series 40				high
Nokia	6233		2005	Series 40				medium
Nokia	6300		2007	Series 40			2.0	high
Nokia	6303	6303 Classic	2009	Series 40				medium
Nokia	6310		2001	Series 40				medium
Nokia	6310i		2002	Series 40				medium
Nokia	6500	6500 Classic	2007	Series 40				medium
Nokia	6510		2001	Series 40				medium
Nokia	6610		2002	Series 40				medium
Nokia	8210		1999	Series 30				medium
Nokia	3310		2017	Series 30+			2.4	high
Nokia	105		2013	Series 30+				medium
Nokia	105		2015	Series 30+				medium
Nokia	105		2017	Series 30+				medium
Nokia	106		2018	Series 30+				medium
Nokia	110		2019	Series 30+				medium
Nokia	2720 Flip		2020	KaiOS			2.8	medium
Nokia	8110 4G		2018	KaiOS			2.4	medium
Nokia	6300 4G		2020	KaiOS			2.4	medium
Siemens	A35			Proprietary				medium
Siemens	A55			Proprietary				medium
Siemens	A65			Proprietary				medium
Siemens	A70			Proprietary				medium
Siemens	C25			Proprietary				medium
Siemens	C35i			Proprietary				medium
Siemens	C45			Proprietary				medium
Siemens	C55			Proprietary				medium
Siemens	C60			Proprietary				medium
Siemens	C65			Proprietary				medium
Siemens	C72			Proprietary				medium
Siemens	CX65			Proprietary				medium
Siemens	CX75			Proprietary				medium
Siemens	M35			Proprietary				medium
Siemens	M50			Proprietary				medium
Siemens	M55			Proprietary				medium
Siemens	M65			Proprietary				medium
Siemens	ME45			Proprietary				medium
Siemens	MT50			Proprietary				medium
Siemens	S25			Proprietary				medium
Siemens	S35i			Proprietary				medium
Siemens	S45			Proprietary				medium
Siemens	S55			Proprietary				medium
Siemens	S65			Proprietary				medium
Siemens	SL45			Proprietary				medium
Siemens	SL55			Proprietary				medium
Siemens	SL65			Proprietary				medium
Fairphone	Fairphone 3		2019	Android	9	13	5.7	medium
Fairphone	Fairphone 3+		2020	Android	10	13	5.7	medium
Fairphone	Fairphone 4		2021	Android	11	13	6.3	medium
Fairphone	Fairphone 5		2023	Android	13	15	6.5	medium
Nothing	Phone (1)		2022	Android	12	14	6.6	medium
Nothing	Phone (2)		2023	Android	13	15	6.7	medium
Nothing	Phone (2a)		2024	Android	14	15	6.7	medium
Nothing	Phone (3a)		2025	Android	15		6.8	medium
